config_std,time,node_count,objective,feasible,is_optimal,dual_bound,gap
T1500x300_10_1_config_std_out,180.04088497161865,1.0,51151.514794476236,True,False,49905.44887505366,0.02436029361846216
T1500x300_10_2_config_std_out,180.09843397140503,3.0,51718.77210752244,True,False,51225.70072130342,0.009533702486090433
T1500x300_10_3_config_std_out,180.06388783454895,1.0,51308.62249060737,True,False,50364.73749460122,0.018396225628138023
T1500x300_10_4_config_std_out,180.04534816741943,1.0,51245.329673387445,True,False,50255.07059756175,0.019323889262438484
T1500x300_10_5_config_std_out,180.04527401924133,1.0,51099.70550700122,True,False,50356.880351417596,0.014536779580498475
