configuration_1,objective,dual_bound,gap,node_count,time,feasible,is_optimal
T1500x300_10_1_configuration_1_out,51192.48071305093,49905.61658777545,0.025137756704714586,1.0,180.03885006904602,True,False
T1500x300_10_2_configuration_1_out,51722.860329035044,51209.97428254691,0.009916041828031658,6.0,180.12833786010742,True,False
T1500x300_10_3_configuration_1_out,51260.66773893293,50364.9172984312,0.017474420057572184,1.0,180.0546760559082,True,False
T1500x300_10_4_configuration_1_out,51281.64547611487,50255.605952790436,0.020007929031885672,1.0,180.0862739086151,True,False
T1500x300_10_5_configuration_1_out,51099.70550700122,50356.669973572934,0.014540896587486567,1.0,180.03912091255188,True,False
